author_title,review_text,review_rating
OmJhody,"salah satu vendor sablon yang reliable di Makassar, dengan opsi jenis bahan dan metode sablon yang beragam maka kebutuhan Anda untuk trshirt, goodie bag hingga material promosi lainnya bisa terpenuhi disini.
.",5
Arif Arif,Hasil sablonnya memuaskan. Kalo ada rejeki sablon disini lagi,5
Ade Rio,Tempat sablon baju kaos di Makassar yang paling rekomended. Tak ada duanya memang. ğŸ‘ğŸ‘ğŸ‘,5
IMMA DUM,"Hasil sablonya juara tawwa, sudah sering juga kasih rekomendasi ke teman dan alhamdulillah komentarnya bagus.",4
Hafit Ramadhan,"Bahan oke, harga juga oke. Tempat sablon kaos rekomended.",5
Ummu Kalsum,"Sablonnya keren bangettt, mau pesan lagiiiiiğŸ¤©",5
Mur Salim,"Mantap pelayanannya, karyawannya pun ramah"" dan murah senyum, cantik"" lagi ğŸ˜Š tapi sayang aku malu minta no WA nya ğŸ˜",5
Lpk Nks Sakurasou (Lpk Sakurasou),"Mengajarkan bahasa Jepang bagi Generasi Muda - Mudi yang mau Sekolah, Kuliah & Bekerja / Berkarir di Negri Sakura",5
Rian Teknik,"plastisolnya nggak ada obat sih, KEREEEENNNNNN",5
Opick Fahrezy,"Tempat sablon yang Recomended, pokoknya Juaranya Sablon Makassar ğŸ‘ğŸ˜",5
Hengky Oei,"Tempatnya sulit didapat, tp pelayanannya bgs",4
Syahdianto Muhammad,Kualitas terbaik. Bahannya adem combed 30s dan tulisan sablonnya anti lunturr... Rekomendasi bangattt guys...,5
arfan nur,"Adminnya ramah ramah ğŸ˜ğŸ‘ jadi klo ada yang dibingungin bisa konsultasi langsung saja ğŸ™Œ worth banget untuk bikin brand disini, Apalagi cuma kaos2 utk event, geng2an dll.. pesananku selalu dijamin kualitasnya sesuai dgn yg ku harapkan (berasa di garansi hehe) terima kasih banyak tapada..",5
Maulana Arif,"Salah satu tempat sablon baju yang terpercaya, berkualitas sesuai harga. Follow up masalah jga cepat dan tuntas. Dan juga pengerjaannya lumayan cepat. Pokoknya klw mau sablon baju untuk perusahaan dan untuk bikin brand, disini mki.",5
Saypul lung,Kualitas terbaik dan terjangakau,5
FAHRUL OFFICIAL,"Berapaan sablon satu baju, soalnya saya mau sablon banyak om",2
Angga Susanto,Kualitasnya bagus. Tempat sablon baju rekomended di Makassar. ğŸ‘ğŸ‘ğŸ‘,5
Malik Denta,"Tempatnya ber AC.. nyaman buat klien ngobrol2.. soal produk, gak usah ditanya.. keren2 mulai dri mug, kaos, dsb desainnya juga keren.. tempat sablon bukan kaleng2..",5
Muthmainnah Jamaluddin,Intinya keren bangett dan pelayanan dari adminnya juga bagus karena fast respon. Recomended bnget sih bagi kalian terutama mahasiswa yang butuh vendor sablon baju karena prosesnya cepat bangetâœ¨âœ¨,5
Kasman Kasmankasman,Kualitas sablonnya bagus. Pokoknya rekomended untuk tempat sablon baju di Makassar. ğŸ‘ğŸ‘ğŸ‘,5
Harmin Enrekang,"Sablon baju di Makassar yg rekomended. Sablonnya rapi, bahannya juga bagus. ğŸ‘ğŸ‘ğŸ‘",5
Wahyudi,Tempat sablon baju terbaik di Makassar,5
itaa hinata,"Kualitas sablonnya tidak diragukan lagi, the best mentong ğŸ‘ğŸ‘
pelayanannya juga oke sekali adminnya ramah.",5
Idil Kulinjang,"Kualitas sablonnya bagus, pelayanan nya cepat. ğŸ‘ğŸ‘ğŸ‘",5
Rudi strife,"Pernah dapat baju gratis dari juku t-shirt bahannya bagus dan sablonnya awet, sya pikir karna gratis bahannya jelek tpi ternyata enak sekali d pake bajunya #bajukerja",5
Yenny Mardianto,"respon cepat, dan sangat memuaskan dalam melayani beribu pertanyaan sy saat memesan kaos.. pengerjaan sablon juga sangan cepat dan hasilnya memuaskan.. thanks Juku Tshirt..",5
Oriza Santadelfia,"Pelayanan ok tepat waktu, kaosnya berkualitas dan kualitas sablon nya jg sangat bagus walaupun dicuci berulang2 tidak bakalan luntur keren pokoknya",5
annisa sandrina,"Tmpat sablon andalan, berkualitas tommi, pelayanan nya juga masyaa Allah , ramah2 org nya :)",5
Canno Enrekang,"Harga bersahabat, kualitasnya bagus. Rekomnded",5
Jaganata Nurhadi,"Harga murah tapi tidak murahan hasilnya, harga murah dibanding dgn yg lain....kalau gak percaya silahkan kesana.....",5
kasma lawra,"mantab kwalitas sablonny, harga minimal hasil maksimal.",5
fikrang barru,"Tempat sablon ini kren banget, satu2nya tempat sablon yg menerapkan Islam disetiap kegiatan produksinya. Mantap",5
Munir Nanja,Sablon berkualitas harga bersahabat,5
Abd Aziz Kamiden,Kualitas kaos dan sablonnya sangat memuaskan. Pekerjaannya selalu tepat waktu. Topnya banget.,5
Aries Pratama,"Mau cari sablon kaos yang murah di Makassar ? Banyak sekali
Tapi klu mau cari sablon kaos yang berkualitas, di sini mi tempatnya",5
Semak Belukar,"TAPADA Sukses ki.
Harga terjangkau, kualitas terbaik.",5
Rendhy Edi,Mantap juaranya memang kualitas sablon,5
Ahmad Lihawa,Pelayanan ramah dan kualitas sablonnya mumpuni :) Jaya Selalu Brother Daeng :),5
Nandar Muardi,Mau pesan seragam dengan kualitas terbaik di sini tempatnya,5
Saharudin Kate,Kualitas sablonnya bagus.,5
Ainun Jariah Syarif,"Sablon kaosnya berkualitas, plus free design, dan pengerjaannya lumayan cepat",5
adri ady,"Kualitasnya ok n karyawannya ramah""",5
Hermawan Rahmat,keren hasil sablonannya.. banyak baju drumah hasil sablonnnya dan msih kereen smpe skrg,5
Arifuddin Said,"Sangat bersahabat, responsive dan hasilnya sangat memuaskan.! Sukses terus Tapada!",5
AR Production,"Pelayanan memuaskan, hasil baju juga mantap....",5
Daeng Faqih,"Sablon kaos rekomended deh, fast respon dan hasilnya memuaskan â˜ºï¸ğŸ‘",5
Jurnal sinjai,tempatnya sablon baju berkualitas.,5
Sartika Aprilia Markiones,Juku Tshirt keren. Sablonnya bagus.. Pelayanan cepat dan ramah. Ownernya baik.,5
Andhi Andrah,Sablon baju berkualitas.pokoknya sablon di sni insyaAllah tdk mengecewakn. Ewakoo Juku T Shirt...,5
Andi Fajar wasis,Tempat sablon bagus di jamin memuaskan,5
Isman Blkmba,tempat sablon paling recomended . sukses selalu TAPADA,5
muhammad Ahyat,Sablon manual yang berkualitas tinggi di makassar,5
Ashry â€œgegoâ€ Sallatu,"harga murah, kualitas oke, pelayanan tidak pake nunggu lama,,, asyik tawwa,,,",5
icha faizah,Tempat Sablon Berkualitas itu disiniğŸ˜ğŸ˜pokoknya recomended,5
firmansyah datu,Sablon kaos berkualitas di makassar. Bahan dan sablonnya awet.  Recommended. ğŸ‘,5
s jayandi,"Harga yang bersahabat dan kualitas yang terjamin, smoga kedepannya lebih baik lagi",5
Nasrul,Kualitas sablonnya mantaapppppp. Keren,5
Iqra Putra,Teman2 banyak pake juku t shirt. Saya juga punya bbrp produknya,5
cammang,Bisa kh buat baju 1lusin harga 65k net,2
Rifaldi Fajri,Sablon disini lebih murah dan hasilnya memuaskan,5
Fuad Ihsan,MasyaAllah.. Pelayanannya sangat memuaskan ğŸ˜‰ğŸ‘ğŸ‘ğŸ‘ğŸ‘,5
POPPY MAHARANI,berapa harga buat baju kaos legan panjang buat satu orang,5
Nurfadillah Amir,Tempat sablon kaos keren dan Berkualitas,5
Panuel Maling,bisa cetak baju ini sesuai desain k?,1
afif & al,tempat sablon andalanku dari tahun 2014 ğŸ™‚,5
Ahmad Akbar,"Best vendor , suka sma adminnyağŸ¥³ğŸ¥³",5
Alldrin matur,Kalau harga sablon baju berapa ki,1
jieean,Selalu puas dengan kualitas cetakannya... Makasih ğŸ˜Š,5
ismi ardianti,"orang-orangnya ramah, senang ke Tapada:)",5
Muh Ikhwan,Pelayanan yang sangat memuaskan,5
iswan ibra,"Top marco top deh,.,kualitas dan desainnya luar biaso.,.",5
Amran Suryadi,Tempat sablon yang berkualitas ğŸ‘,5
sulsel pedia,Tempat sablon rekomded,5
Andi Muliyadi,Pelayanan oke,5
Muh Topan Pratama,Bisa desain sendiri dan pesan satuan gk?,4
JIKAN STUDIO,Tempat sablon terbaik.,5
zeyn athaillah,Hasilx mantap...free desaign lagiii,5
Yudha Firza,Beli baju sama soblom nya berapa?,5
Nelly Hajas,juaranya kualitas dong ğŸ‘ŒğŸ‘Œ,5
Susan de Fretes,Blh minta WA..mw brtnya,5
Muh Ramdhani Alam Nasrah,mantap Sablonannya,5
Abdul Muqit,mantap tawwa sablonnya,5
agung prasetyo,Harganya murah meriah mantap,5
Linda Abas.,Brp nih harganyaa?,1
ISMAIL NURDIN,Menarik,5
Vivian Cantik,Bisakah cetak satu kaos,4
Renocx Scf,Jual alat sablon tidak..,3
Amal Os,Mantap kak,5
Herfiana Dia,Semua staff ramah,5
Andi Rifai,Pelayanannya bagusğŸ˜ŠğŸ˜ŠğŸ‘ğŸ‘,5
Yana Suryana,Mantap servicenyaa,5
firman lanthi,Sablon kaos daerah perintis makassar,5
Febrianto Planologi,Terbaik,5
Muhammad Akhyar,Jual kaos oblong gan?,3
Muhammad yasser,Hasilnya bagus,5
Fia Apriani,Berapa harganya kak?,3
Andi Hilda Susilawati,Sablon kaos terkeren di makasaar,5
Iqbal Wirawan,Recommended tempat nya,5
Muhammad Akhyar,Mudah terlihat,5
Distro Muslim Makassar,Juaranya kualitas,5
Muhammad Syaifullah,Brpa harga.x,5
Fadli Ily,Pembuatan sablon,4
Muhammad Amin,Nyaman,5
MAR FM,Puas,5
Zem Demmattammu,Kualitas okeee.... ğŸ‘,5
Muh Toni Antonio Pangemanan,Baik,4
Amier Edha,Mantap,5
Arfah Tsr,Mantap,5
Kamal Akmal,Mantap,5
Hermansyah Emmank,Mantap,5
Nana Surianah,Mantap,5
Fardi Sentosa,Tempat sablon baju,4
Erlin Samuel,sangat bagus ğŸ˜ğŸ˜,5
melkias kia,Mantap meman,5
Jamaluddin Fitrah Alam,Yg terbaik di Makassar,5
Muhammad Syafaat,Bagus,5
A B R Channel1996,Bagus,4
Dariadno Latief,Mantap,4
Idilrahman Rahman,Bagus,5
Akmaluddin malca sanre,Sablon handal di Makassar,5
Wahyu Iqbal Maulana,Waw,5
Moh. Asrul Adiman,Mantap,5
Ammar Box,Andalang gue,5
Rhyri Anita,Sablon porseni,5
Rumah Sablon,LUAR BIASA,5
Maulida Puspayanti Azis,Kerennnn ğŸ˜,5
Nurul Aqilah,Tempat sablon baju terbaik di Makassar. Harganya sebanding dengan kualitas sablonnya. ğŸ‘ğŸ‘ğŸ‘,5
Khariyanul Fathoni,"(Diterjemahkan oleh Google) Penjual sangat responsif, proses cepat, produk berkualitas tinggi! harga dan waktu yang layak. Rekomendasi sablon kaos di Makassar!

(Asli)
Very responsive seller, quick process, high-quality product! worth price and time. Recommended shirt printing in Makassar!",5
Anumi,"(Diterjemahkan oleh Google) Teman-teman saya selalu bertanya tentang kualitas sablon baji baji. Nassa mi saya katakan di TAPADA

(Asli)
Teman temanku selalu ka na tnya di mnako sablon baju baji kamma kualitasna. Nassa mi ku bilang di TAPADA",5
Iqbal Arfadli,"(Diterjemahkan oleh Google) Murah tapi tidak cheesy

(Asli)
Cheap but not cheesy ğŸ¤™ğŸ»",5
Bobby Reinhard,"Nice job on the shirts. Ordered twice and and tshirt quality and print is good!

(Diterjemahkan oleh Google)
Pekerjaan bagus di kemeja. Dipesan dua kali dan dan kualitas kaos dan cetakannya bagus!",5
ahmad risal,"Ok

(Diterjemahkan oleh Google)
Oke",3
Aditya Rifqi Ikki,"Slow respom

(Diterjemahkan oleh Google)
Respon lambat",1
Zuhh Hikari,"High quality, fast respond and profesional

(Diterjemahkan oleh Google)
Kualitas tinggi, respon cepat dan profesional",5
Firdaus Baharuddin,"Top

(Diterjemahkan oleh Google)
Atas",5
salle makdika,"Ok

(Diterjemahkan oleh Google)
Oke",4
The Manfhus Lallho,"Ok

(Diterjemahkan oleh Google)
Oke",5
Agil Muhammad Syahrul,"(Diterjemahkan oleh Google) Oke

(Asli)
Ok",5
Firmanasakaputra92,"(Diterjemahkan oleh Google) Oke

(Asli)
Ok",5
ian detri,"(Diterjemahkan oleh Google) ATAS

(Asli)
TOP",5
andi wahyuni nur utami,"(Diterjemahkan oleh Google) tertutup okee

(Asli)
tapada okee",5
Percetakan Intifadhah,"(Diterjemahkan oleh Google) direkomendasikan

(Asli)
rocemmended",5
